run_id,seed,img_v1_filename,prompt_version,img_v2_filename,timestamp
1,4111628597689052299,plain_cat_1_1_v1_1_00001_.png,V2,plain_cat_1_1_v2_1_00001_.png,2026-03-21T17:57:44.186101+00:00
2,2258025843987845959,plain_cat_1_1_v1_1_00002_.png,V2,plain_cat_1_1_v2_1_00002_.png,2026-03-21T17:58:28.084033+00:00
3,2439723296750787937,plain_cat_1_1_v1_1_00003_.png,V2,plain_cat_1_1_v2_1_00003_.png,2026-03-21T17:59:07.166581+00:00
4,849155296867976708,plain_cat_1_1_v1_1_00004_.png,V2,plain_cat_1_1_v2_1_00004_.png,2026-03-21T17:59:46.750976+00:00
5,6267414482378609277,plain_cat_1_1_v1_1_00005_.png,V2,plain_cat_1_1_v2_1_00005_.png,2026-03-21T18:00:26.493847+00:00
6,2837281484086705082,plain_cat_1_1_v1_1_00006_.png,V2,plain_cat_1_1_v2_1_00006_.png,2026-03-21T18:01:08.864788+00:00
7,1027283463318233443,plain_cat_1_1_v1_1_00007_.png,V2,plain_cat_1_1_v2_1_00007_.png,2026-03-21T18:01:50.469384+00:00
8,6107847844295216885,plain_cat_1_1_v1_1_00008_.png,V2,plain_cat_1_1_v2_1_00008_.png,2026-03-21T18:02:29.739875+00:00
9,1108675991498998881,plain_cat_1_1_v1_1_00009_.png,V2,plain_cat_1_1_v2_1_00009_.png,2026-03-21T18:03:11.325556+00:00
10,4472804384002452818,plain_cat_1_1_v1_1_00010_.png,V2,plain_cat_1_1_v2_1_00010_.png,2026-03-21T18:03:58.718119+00:00
