run_id,seed,prompt_version,filename,timestamp
1,4111628597689052299,V1_SDXL,plain_cat_1_1_v1_1_00001_.png,2026-03-21T17:43:25.420431+00:00
2,2258025843987845959,V1_SDXL,plain_cat_1_1_v1_1_00002_.png,2026-03-21T17:44:07.309505+00:00
3,2439723296750787937,V1_SDXL,plain_cat_1_1_v1_1_00003_.png,2026-03-21T17:44:47.069422+00:00
4,849155296867976708,V1_SDXL,plain_cat_1_1_v1_1_00004_.png,2026-03-21T17:45:28.256883+00:00
5,6267414482378609277,V1_SDXL,plain_cat_1_1_v1_1_00005_.png,2026-03-21T17:46:09.566089+00:00
6,2837281484086705082,V1_SDXL,plain_cat_1_1_v1_1_00006_.png,2026-03-21T17:46:50.393006+00:00
7,1027283463318233443,V1_SDXL,plain_cat_1_1_v1_1_00007_.png,2026-03-21T17:47:30.388652+00:00
8,6107847844295216885,V1_SDXL,plain_cat_1_1_v1_1_00008_.png,2026-03-21T17:48:09.163322+00:00
9,1108675991498998881,V1_SDXL,plain_cat_1_1_v1_1_00009_.png,2026-03-21T17:48:49.786870+00:00
10,4472804384002452818,V1_SDXL,plain_cat_1_1_v1_1_00010_.png,2026-03-21T17:49:34.626780+00:00
