run_id,seed,prompt_version,timestamp
1,1865942597956929909,V1_SDXL,2026-02-25T15:59:16.479961+00:00
2,8083896693698266210,V1_SDXL,2026-02-25T15:59:17.645015+00:00
3,3444218019903935034,V1_SDXL,2026-02-25T15:59:18.839250+00:00
4,3252448876977384436,V1_SDXL,2026-02-25T15:59:20.012635+00:00
5,6796761413282520982,V1_SDXL,2026-02-25T15:59:21.201823+00:00
6,2783744347100090442,V1_SDXL,2026-02-25T15:59:22.501621+00:00
7,8397520501702019999,V1_SDXL,2026-02-25T15:59:23.681456+00:00
8,7267235925108825189,V1_SDXL,2026-02-25T15:59:24.843752+00:00
9,5810385865668647417,V1_SDXL,2026-02-25T15:59:26.025911+00:00
10,3721897494899275884,V1_SDXL,2026-02-25T15:59:27.206934+00:00
11,6092827181944687483,V1_SDXL,2026-02-25T15:59:28.384640+00:00
12,4537058824224742119,V1_SDXL,2026-02-25T15:59:29.571717+00:00
13,1310523875051805418,V1_SDXL,2026-02-25T15:59:30.772275+00:00
14,8081898901747517602,V1_SDXL,2026-02-25T15:59:31.960940+00:00
15,7085536483340765479,V1_SDXL,2026-02-25T15:59:33.159205+00:00
16,8185795118392227024,V1_SDXL,2026-02-25T15:59:34.375180+00:00
17,4746834268819484593,V1_SDXL,2026-02-25T15:59:35.552018+00:00
18,7222945615093222027,V1_SDXL,2026-02-25T15:59:36.738973+00:00
19,6833091654471420617,V1_SDXL,2026-02-25T15:59:37.911675+00:00
20,4927523648658677887,V1_SDXL,2026-02-25T15:59:39.116424+00:00
21,3340163068959307043,V1_SDXL,2026-02-25T15:59:40.303883+00:00
22,6487139296745217665,V1_SDXL,2026-02-25T15:59:41.472138+00:00
23,5097144024458898995,V1_SDXL,2026-02-25T15:59:42.633670+00:00
24,320892856209007928,V1_SDXL,2026-02-25T15:59:43.821100+00:00
25,1611063607025905755,V1_SDXL,2026-02-25T15:59:44.992749+00:00
26,3951727438551180213,V1_SDXL,2026-02-25T15:59:46.194574+00:00
27,7473924613604424484,V1_SDXL,2026-02-25T15:59:47.353565+00:00
28,8641710959784552262,V1_SDXL,2026-02-25T15:59:48.529577+00:00
29,2776649707397015347,V1_SDXL,2026-02-25T15:59:49.725105+00:00
30,3146096049014197314,V1_SDXL,2026-02-25T15:59:51.900968+00:00
31,2003900024908029172,V1_SDXL,2026-02-25T15:59:53.069731+00:00
32,7663770043536614534,V1_SDXL,2026-02-25T15:59:54.241882+00:00
33,1096666516788402134,V1_SDXL,2026-02-25T15:59:55.425056+00:00
34,5228304077709314865,V1_SDXL,2026-02-25T15:59:56.614237+00:00
35,7962777799654290634,V1_SDXL,2026-02-25T15:59:57.893444+00:00
36,8020195177387013339,V1_SDXL,2026-02-25T15:59:59.070402+00:00
37,2228960711491440259,V1_SDXL,2026-02-25T16:00:00.236913+00:00
38,2983824744280920737,V1_SDXL,2026-02-25T16:00:01.418857+00:00
39,761555254494023312,V1_SDXL,2026-02-25T16:00:02.609469+00:00
40,107080895242688917,V1_SDXL,2026-02-25T16:00:03.791774+00:00
41,300352753218913988,V1_SDXL,2026-02-25T16:00:05.646755+00:00
42,6644076649257165355,V1_SDXL,2026-02-25T16:00:06.840863+00:00
43,6271573844650284347,V1_SDXL,2026-02-25T16:00:08.708799+00:00
44,5787196688156914148,V1_SDXL,2026-02-25T16:00:09.897400+00:00
45,6549188704011865317,V1_SDXL,2026-02-25T16:00:11.096178+00:00
46,6848013760099685403,V1_SDXL,2026-02-25T16:00:12.268469+00:00
47,758646226883151658,V1_SDXL,2026-02-25T16:00:13.456895+00:00
48,2736612784836289614,V1_SDXL,2026-02-25T16:00:14.640206+00:00
49,4283824921984959255,V1_SDXL,2026-02-25T16:00:15.812220+00:00
50,7706622010238430497,V1_SDXL,2026-02-25T16:00:16.979620+00:00
51,3203038894605689408,V1_SDXL,2026-02-25T16:00:18.141179+00:00
52,7142705113063331368,V1_SDXL,2026-02-25T16:00:19.313349+00:00
53,2871231151901703334,V1_SDXL,2026-02-25T16:00:20.483608+00:00
54,2614213162495027552,V1_SDXL,2026-02-25T16:00:21.674777+00:00
55,3264875095916201036,V1_SDXL,2026-02-25T16:00:22.846187+00:00
56,8254271479390779373,V1_SDXL,2026-02-25T16:00:24.043571+00:00
57,589774077485828171,V1_SDXL,2026-02-25T16:00:25.232346+00:00
58,1405141457976775968,V1_SDXL,2026-02-25T16:00:26.673212+00:00
59,6727338628499448938,V1_SDXL,2026-02-25T16:00:27.840913+00:00
60,3186782225466806188,V1_SDXL,2026-02-25T16:00:29.015529+00:00
61,4638522042961869860,V1_SDXL,2026-02-25T16:00:30.274298+00:00
62,3287542965700354224,V1_SDXL,2026-02-25T16:00:31.482355+00:00
63,4730477202971694585,V1_SDXL,2026-02-25T16:00:32.641474+00:00
64,235550036489185266,V1_SDXL,2026-02-25T16:00:33.837347+00:00
65,4570106010210839427,V1_SDXL,2026-02-25T16:00:35.019383+00:00
66,4152481445256039728,V1_SDXL,2026-02-25T16:00:36.199892+00:00
67,2033826495079418103,V1_SDXL,2026-02-25T16:00:37.398678+00:00
68,8987987485920579617,V1_SDXL,2026-02-25T16:00:38.588690+00:00
69,673276013503642425,V1_SDXL,2026-02-25T16:00:39.797386+00:00
70,6779208703571403994,V1_SDXL,2026-02-25T16:00:40.964256+00:00
71,7753071655503399401,V1_SDXL,2026-02-25T16:00:42.153419+00:00
72,8730493819947828831,V1_SDXL,2026-02-25T16:00:43.347394+00:00
73,8952872054358602085,V1_SDXL,2026-02-25T16:00:45.513623+00:00
74,4952922097581464702,V1_SDXL,2026-02-25T16:00:46.692882+00:00
75,934567430206170691,V1_SDXL,2026-02-25T16:00:47.868016+00:00
76,2644288948654451421,V1_SDXL,2026-02-25T16:00:49.049083+00:00
77,2463884092845098559,V1_SDXL,2026-02-25T16:00:50.240971+00:00
78,3149412250232822452,V1_SDXL,2026-02-25T16:00:51.421687+00:00
79,185015744957442120,V1_SDXL,2026-02-25T16:00:52.594795+00:00
80,931770433322636036,V1_SDXL,2026-02-25T16:00:53.765045+00:00
81,6004033735155200949,V1_SDXL,2026-02-25T16:00:54.944905+00:00
82,8158873136015357404,V1_SDXL,2026-02-25T16:00:56.141895+00:00
83,752006617721229222,V1_SDXL,2026-02-25T16:00:57.299042+00:00
84,3222097617368588783,V1_SDXL,2026-02-25T16:00:58.458785+00:00
85,5289622176590617795,V1_SDXL,2026-02-25T16:00:59.618782+00:00
86,6651691991517229803,V1_SDXL,2026-02-25T16:01:00.854458+00:00
87,2266936883408321907,V1_SDXL,2026-02-25T16:01:02.155448+00:00
88,715088067622326469,V1_SDXL,2026-02-25T16:01:03.336511+00:00
89,2726025286259818562,V1_SDXL,2026-02-25T16:01:04.500175+00:00
90,5119431689314721991,V1_SDXL,2026-02-25T16:01:05.735564+00:00
91,3294024610180109664,V1_SDXL,2026-02-25T16:01:07.121437+00:00
92,1132399521157852871,V1_SDXL,2026-02-25T16:01:08.323467+00:00
93,5830090315420278602,V1_SDXL,2026-02-25T16:01:09.514112+00:00
94,9067553538134313695,V1_SDXL,2026-02-25T16:01:10.703232+00:00
95,4673293176637138068,V1_SDXL,2026-02-25T16:01:11.879075+00:00
96,4111656684899180764,V1_SDXL,2026-02-25T16:01:13.250116+00:00
97,1929052815665927589,V1_SDXL,2026-02-25T16:01:14.418326+00:00
98,1891750620637858787,V1_SDXL,2026-02-25T16:01:15.622675+00:00
99,6548592960817706032,V1_SDXL,2026-02-25T16:01:16.822764+00:00
100,7805811224188129472,V1_SDXL,2026-02-25T16:01:18.031657+00:00
